window_start,k_mgL,mg_mgL,no3-n_ugL,ca_mgL,nh4-n_ugL,Site_ID
1986-05-20,0.8166666666666667,3.1066666666666665,113.66666666666667,3.9366666666666665,NA,BQ1
1986-07-22,NA,NA,NA,NA,NA,BQ1
1986-09-23,0.656,2.69,126.66666666666667,4.368,25.4,BQ1
1986-11-25,0.6744444444444444,2.5877777777777777,154.33333333333334,3.78,21.75,BQ1
1987-01-27,0.7244444444444444,2.977777777777778,132.22222222222223,4.166666666666667,18.4,BQ1
1987-03-31,0.8466666666666667,2.4299999999999997,146.44444444444446,3.7566666666666664,41.66666666666667,BQ1
1987-06-02,0.8077777777777778,2.522222222222222,157.66666666666666,3.893333333333333,73.77777777777777,BQ1
1987-08-04,0.77,2.1716666666666664,182.30769230769232,3.3666666666666667,44.53846153846154,BQ1
1987-10-06,0.737,2.349,163.77777777777777,3.726,16.25,BQ1
1987-12-08,0.7873333333333333,2.0086666666666666,162.33333333333334,3.2173333333333334,24,BQ1
1988-02-09,0.90125,1.99375,206.9375,3.10375,20.6875,BQ1
1988-04-12,0.8766666666666667,2.251,151.7,3.19,64.2,BQ1
1988-06-14,0.7655555555555555,2.267,NA,3.2977777777777777,113,BQ1
1988-08-16,0.7553846153846154,2.046666666666667,93.83333333333334,2.8038461538461537,37.2,BQ1
1988-10-18,0.89375,2.61875,141.77777777777777,4.1625,46,BQ1
1988-12-20,0.8588888888888889,2.502222222222222,153,4.32875,NA,BQ1
1989-02-21,0.8366666666666667,2.73,130.88888888888889,4.14,NA,BQ1
1989-04-25,0.9377777777777778,2.997777777777778,141,4.794444444444444,NA,BQ1
1989-06-27,0.9444444444444444,2.5477777777777777,116.625,3.991111111111111,NA,BQ1
1989-08-29,1.049090909090909,2.781,81.6,4.265,NA,BQ1
1989-10-31,1.232,3.237,324.1,5.118,NA,BQ1
1990-01-02,1.268888888888889,3.3233333333333333,118,5.847777777777778,NA,BQ1
1990-03-06,1.4038461538461537,2.5215384615384617,480.6363636363637,4.291538461538462,NA,BQ1
1990-05-08,1.238,3.11,208.1,5.267,NA,BQ1
1990-07-10,1.0133333333333334,3.2533333333333334,117.44444444444443,5.6433333333333335,NA,BQ1
1990-09-11,0.9322222222222222,2.997777777777778,97.83333333333334,5.207777777777778,NA,BQ1
1990-11-13,1.0736363636363637,2.7827272727272727,132.0909090909091,4.642727272727273,NA,BQ1
1991-01-15,0.8144444444444444,3.223333333333333,87.85714285714286,5.7844444444444445,NA,BQ1
1991-03-19,0.8333333333333334,2.9811111111111113,59.777777777777786,5.421111111111111,NA,BQ1
1991-05-21,0.914,3.0629999999999997,54.75,5.314,NA,BQ1
1991-07-23,1.012,3.801,40.77777777777778,6.164,NA,BQ1
1991-09-24,1.1225,2.8266666666666667,80.5,4.400833333333333,NA,BQ1
1991-11-26,1.1477777777777778,3.0455555555555556,188.375,5.041111111111111,NA,BQ1
1992-01-28,1.1520000000000001,3.128,151,5.376,NA,BQ1
1992-03-31,1.051111111111111,3.3244444444444445,63.125,5.618888888888889,NA,BQ1
1992-06-02,1.1566666666666667,2.8633333333333333,58.25,4.7877777777777775,NA,BQ1
1992-08-04,1.1144444444444446,3.236666666666667,102.66666666666666,5.694444444444445,NA,BQ1
1992-10-06,0.9877777777777778,3.002222222222222,76.28571428571429,5.384444444444444,NA,BQ1
1992-12-08,1.0822222222222222,2.897777777777778,20.5,4.845555555555555,NA,BQ1
1993-02-09,1.12,3.4466666666666668,125.33333333333333,5.72,NA,BQ1
1993-04-13,1.22,3.4755555555555557,69.11111111111111,5.415555555555556,NA,BQ1
1993-06-15,1.018888888888889,2.9566666666666666,39.2,5.483333333333333,NA,BQ1
1993-08-17,1.0933333333333333,3.281111111111111,43.111111111111114,5.704444444444444,NA,BQ1
1993-10-19,1.1277777777777778,3.2733333333333334,12.444444444444445,5.831111111111111,NA,BQ1
1993-12-21,1.0355555555555556,2.8844444444444446,25.333333333333332,5.3133333333333335,NA,BQ1
1994-02-22,1.0655555555555556,3.3433333333333333,86.75,5.968888888888889,NA,BQ1
1994-04-26,1.1566666666666667,3.7,17.444444444444443,6.6466666666666665,NA,BQ1
1994-06-28,1.143,3.505,94.75,6.196,NA,BQ1
1994-08-30,1.22,3.3455555555555554,NA,6.12,NA,BQ1
1994-11-01,1.0988888888888888,3.0444444444444443,109,5.645555555555555,NA,BQ1
1995-01-03,1.235,3.67375,NA,6.26375,NA,BQ1
1995-03-07,0.9642857142857143,3.182857142857143,NA,5.615714285714286,NA,BQ1
1995-05-09,1.3125,3.3425000000000002,NA,5.79,NA,BQ1
1995-07-11,0.9066666666666666,3.27,NA,5.82,NA,BQ1
1995-09-12,NA,NA,NA,NA,NA,BQ1
1995-11-14,1.06,2.764,NA,4.958,NA,BQ1
1996-01-16,1.0822222222222222,3.1866666666666665,NA,5.49,NA,BQ1
1996-03-19,1.1522222222222223,3.41,NA,5.72,NA,BQ1
1996-05-21,1.1422222222222222,3.2244444444444444,NA,5.595555555555555,NA,BQ1
1996-07-23,1.208888888888889,3.6144444444444446,47,6.101111111111111,NA,BQ1
1996-09-24,1.055,2.98875,204.33333333333334,5.251250000000001,NA,BQ1
1996-11-26,1.2714285714285714,3.1742857142857144,218.57142857142858,5.635714285714285,NA,BQ1
1997-01-28,1.01,2.9033333333333333,208.77777777777777,5.078888888888889,NA,BQ1
1997-04-01,1.1355555555555557,3.1577777777777776,191.71428571428572,5.774444444444445,NA,BQ1
1997-06-03,0.9544444444444444,2.9388888888888887,174.375,5.2844444444444445,NA,BQ1
1997-08-05,0.8622222222222222,3.0522222222222224,118.5,5.723333333333333,NA,BQ1
1997-10-07,1.07375,2.5675,119.625,4.40375,NA,BQ1
1997-12-09,0.7342857142857143,2.0275,119.42857142857143,4.19625,23,BQ1
1998-02-10,1.251111111111111,2.56,96.11111111111111,4.17,14.833333333333334,BQ1
1998-04-14,0.8728571428571429,2.2175,77.66666666666667,4.22,25,BQ1
1998-06-16,1.252857142857143,2.8966666666666665,104.66666666666666,4.777777777777778,23.75,BQ1
1998-08-18,1.0613333333333332,2.473333333333333,160,4.69,8.285714285714286,BQ1
1998-10-20,1.1188888888888888,2.4522222222222223,228,4.731111111111111,10,BQ1
1998-12-22,1.0966666666666667,2.8377777777777777,222.11111111111111,4.88,13.666666666666668,BQ1
1999-02-23,1.0455555555555556,3.1533333333333333,261.8888888888889,5.883333333333334,18.4,BQ1
1999-04-27,1.0325,2.93,165.66666666666666,5.094444444444444,9,BQ1
1999-06-29,1.028888888888889,2.8088888888888888,169.22222222222223,4.562222222222222,10,BQ1
1999-08-31,0.99625,2.6755555555555555,158.55555555555554,4.452222222222222,13.6,BQ1
1999-11-02,0.9877777777777778,2.756666666666667,199.22222222222223,4.286666666666667,12.4,BQ1
2000-01-04,0.8988888888888888,2.9544444444444444,220.11111111111111,5.113333333333333,7.75,BQ1
2000-03-07,0.8733333333333333,3.34,215.55555555555554,6.064444444444445,NA,BQ1
2000-05-09,0.8922222222222222,2.9611111111111112,171.55555555555554,4.9622222222222225,11,BQ1
2000-07-11,0.8344444444444444,3.25,176.77777777777777,6.1,10.8,BQ1
2000-09-12,0.9577777777777777,2.792222222222222,161,4.733333333333333,9.4,BQ1
2000-11-14,0.9922222222222222,3.292222222222222,190.22222222222223,5.567777777777778,10.166666666666666,BQ1
2001-01-16,0.8877777777777778,3.2944444444444443,178.88888888888889,5.704444444444444,9.166666666666666,BQ1
2001-03-20,1.0322222222222222,3.21,152.66666666666666,5.986666666666666,7.2,BQ1
2001-05-22,0.93,3.071111111111111,146.22222222222223,5.683333333333334,9,BQ1
2001-07-24,1.0022222222222221,3.3677777777777775,150.22222222222223,6.368888888888889,8.75,BQ1
2001-09-25,1.0633333333333332,2.9966666666666666,190.66666666666666,5.597777777777778,13.5,BQ1
2001-11-27,1.0622222222222222,3.1122222222222224,193.33333333333334,5.321111111111111,18.714285714285715,BQ1
2002-01-29,0.98,3.25375,193,5.8975,13,BQ1
2002-04-02,1.0166666666666666,2.727777777777778,134.75,4.726666666666667,12.555555555555555,BQ1
2002-06-04,0.93,3.2544444444444447,149.22222222222223,5.492222222222222,16.77777777777778,BQ1
2002-08-06,0.8777777777777778,3.3422222222222224,168,6.198888888888889,15.875,BQ1
2002-10-08,0.8788888888888888,2.917777777777778,148.77777777777777,5.633333333333333,17.11111111111111,BQ1
2002-12-10,0.8444444444444444,2.6455555555555557,168.22222222222223,5.992222222222222,17,BQ1
2003-02-11,0.8644444444444445,3.4811111111111113,156.11111111111111,6.868888888888889,11.777777777777779,BQ1
2003-04-15,0.8744444444444445,2.6122222222222224,152.55555555555554,4.404444444444445,13.375,BQ1
2003-06-17,0.9688888888888889,3.1855555555555557,163.66666666666666,5.041111111111111,11.285714285714286,BQ1
2003-08-19,1.018888888888889,2.411111111111111,151.66666666666666,4.685555555555555,20.5,BQ1
2003-10-21,1.02,2.901111111111111,168,5.097777777777778,14.2,BQ1
2003-12-23,0.8822222222222222,2.7600000000000002,177.75,4.656666666666666,20.428571428571427,BQ1
2004-02-24,0.9577777777777778,2.9233333333333333,129.44444444444446,5.204444444444444,8.833333333333334,BQ1
2004-04-27,0.9944444444444445,2.3955555555555557,139.11111111111111,4.5088888888888885,8,BQ1
2004-06-29,1.1022222222222222,3.4555555555555557,124.71428571428571,6.461111111111111,14.4,BQ1
2004-08-31,0.9288888888888889,2.8233333333333333,158.28571428571428,5.762222222222222,15,BQ1
2004-11-02,1.0566666666666666,2.537777777777778,105.66666666666666,5.052222222222222,15.5,BQ1
2005-01-04,0.7988888888888889,3.0855555555555556,175.77777777777777,5.5,12,BQ1
2005-03-08,0.8811111111111111,3.278888888888889,180.66666666666666,5.848888888888889,19.333333333333332,BQ1
2005-05-10,1.041111111111111,2.7311111111111113,123.66666666666667,5.013333333333334,14.5,BQ1
2005-07-12,0.7844444444444445,3.0944444444444446,141.375,5.741111111111111,10,BQ1
2005-09-13,0.8633333333333333,2.756666666666667,149.77777777777777,4.974444444444445,12.75,BQ1
2005-11-15,0.79,2.9844444444444442,156.44444444444446,5.291111111111111,7.666666666666667,BQ1
2006-01-17,0.8144444444444444,2.8644444444444446,166.22222222222223,5.355555555555555,6.5,BQ1
2006-03-21,0.8355555555555555,3.151111111111111,151.22222222222223,5.863333333333333,NA,BQ1
2006-05-23,0.8233333333333334,2.838888888888889,170.75,5.79125,15.5,BQ1
2006-07-25,0.9044444444444445,3.2577777777777777,155.375,6.322222222222222,9.333333333333334,BQ1
2006-09-26,0.9322222222222223,2.87,136.11111111111111,5.557777777777778,7,BQ1
2006-11-28,0.9011111111111111,3.1133333333333333,177.44444444444446,6.066666666666666,6.5,BQ1
2007-01-30,0.8922222222222222,3.4644444444444447,154,5.982222222222222,8.666666666666666,BQ1
2007-04-03,0.85,3.013333333333333,113.77777777777777,5.17,7.125,BQ1
2007-06-05,0.8744444444444445,3.51,147.33333333333334,6.301111111111111,9.333333333333334,BQ1
2007-08-07,0.8588888888888889,3.198888888888889,129.55555555555554,6.03,12.285714285714286,BQ1
2007-10-09,0.8544444444444445,3.152222222222222,180.55555555555554,5.526666666666666,9.4,BQ1
2007-12-11,0.8775000000000001,3.07,132.625,6.0475,8.75,BQ1
2008-02-12,0.8788888888888889,3.5977777777777775,159,6.448888888888889,28,BQ1
2008-04-15,0.9055555555555556,3.4322222222222223,136.77777777777777,6.5344444444444445,NA,BQ1
2008-06-17,0.77,3.555,149.875,6.0562499999999995,14.5,BQ1
2008-08-19,0.8522222222222222,3.2777777777777777,146.33333333333334,5.195555555555556,10.4,BQ1
2008-10-21,0.7266666666666667,3.5122222222222224,159.5,5.166666666666667,8,BQ1
2008-12-23,0.8555555555555555,3.531111111111111,161.11111111111111,6.452222222222222,15,BQ1
2009-02-24,0.9,3.8175,165,7.38625,NA,BQ1
2009-04-28,0.9877777777777778,3.0844444444444443,141.11111111111111,5.553333333333334,6.333333333333333,BQ1
2009-06-30,0.9588888888888889,3.212222222222222,133,5.467777777777778,8.714285714285714,BQ1
2009-09-01,0.9550000000000001,3.1075,108.875,6.1175,15,BQ1
2009-11-03,0.8833333333333333,2.741111111111111,108.22222222222223,5.405555555555556,13.4,BQ1
2010-01-05,0.79,2.8788888888888886,142.22222222222223,5.826666666666667,20.5,BQ1
2010-03-09,0.8811111111111111,2.148888888888889,113.22222222222223,4.5287500000000005,24,BQ1
2010-05-11,0.8425,2.6725,123.5,4.7725,13.571428571428571,BQ1
2010-07-13,1.02,2.70125,143,4.74375,20.75,BQ1
2010-09-14,0.9977777777777778,3.1533333333333333,171.11111111111111,5.977777777777778,7.75,BQ1
2010-11-16,1.0911111111111111,2.9188888888888886,151.375,5.233333333333333,13.666666666666666,BQ1
2011-01-18,0.8422222222222222,3.1888888888888887,143.42857142857142,6.438888888888889,5,BQ1
2011-03-22,0.83,2.9833333333333334,93.16666666666667,5.9655555555555555,12,BQ1
2011-05-24,0.8655555555555555,2.6044444444444443,140.66666666666666,5.861111111111111,7,BQ1
2011-07-26,0.9071428571428571,2.54,98.83333333333333,5.1085714285714285,124,BQ1
2011-09-27,0.8788888888888889,3.0522222222222224,132.75,6.457777777777777,9.4,BQ1
2011-11-29,0.8477777777777777,2.8944444444444444,147.375,6.511111111111111,8.5,BQ1
2012-01-31,0.8233333333333334,3.2055555555555557,115.83333333333333,6.781111111111111,NA,BQ1
2012-04-03,0.85,2.8722222222222222,93.33333333333333,6.081111111111111,NA,BQ1
2012-06-05,0.78375,2.83875,97,5.34375,33,BQ1
2012-08-07,0.7377777777777778,2.988888888888889,80.83333333333333,5.832222222222222,8,BQ1
2012-10-09,0.87,2.77,57,5.204444444444444,10,BQ1
2012-12-11,0.9066666666666667,3.091111111111111,115,6.035555555555556,16.333333333333332,BQ1
2013-02-12,0.8322222222222222,2.6766666666666667,105.375,4.542222222222222,22,BQ1
2013-04-16,0.8522222222222222,2.772222222222222,42.333333333333336,5.15,NA,BQ1
2013-06-18,0.6985714285714286,2.35,60.666666666666664,5.0024999999999995,13.666666666666666,BQ1
2013-08-20,0.6742857142857143,3.047142857142857,50,6.357142857142858,18.333333333333332,BQ1
2013-10-22,0.8688888888888888,2.7311111111111113,136.5,5.025555555555556,20.833333333333332,BQ1
2013-12-24,0.8933333333333333,3.013333333333333,135,5.207777777777777,19,BQ1
2014-02-25,0.75375,2.91,136,5.0725,12.2,BQ1
2014-04-29,0.9055555555555556,3.4266666666666667,121,5.681111111111111,8,BQ1
2014-07-01,0.895,3.405,132.25,5.895,9.333333333333334,BQ1
2014-09-02,0.9466666666666667,3.562222222222222,131.66666666666666,6.148888888888889,17.8,BQ1
2014-11-04,0.833,2.779,89.83333333333333,5.125,15,BQ1
2015-01-06,0.8987499999999999,3.22375,117.6,5.9475,12.25,BQ1
2015-03-10,0.9911111111111112,3.6844444444444444,127.25,6.555555555555555,11,BQ1
2015-05-12,1.0875000000000001,3.9025,118,7.49375,10,BQ1
2015-07-14,0.8166666666666667,3.3266666666666667,122.75,6.423333333333334,13,BQ1
2015-09-15,0.8322222222222222,3.18,162.33333333333334,5.8,12.4,BQ1
2015-11-17,0.8677777777777778,3.2444444444444445,115.85714285714286,6.405555555555556,6,BQ1
2016-01-19,0.885,2.995,90,6.375,5,BQ1
2016-03-22,1.038888888888889,3.3622222222222224,107.66666666666667,6.842222222222222,14.333333333333334,BQ1
2016-05-24,0.9244444444444444,2.9766666666666666,101.55555555555556,6,9.25,BQ1
2016-07-26,0.9311111111111111,2.9044444444444446,95.625,5.6433333333333335,6.666666666666667,BQ1
2016-09-27,0.9388888888888889,3.022222222222222,121.44444444444444,5.832222222222223,NA,BQ1
2016-11-29,0.9388888888888889,2.6055555555555556,133.44444444444446,5.036666666666666,6.666666666666667,BQ1
2017-01-31,0.9766666666666667,2.94,117.11111111111111,5.365555555555556,67.5,BQ1
2017-04-04,0.99,2.7644444444444445,109.16666666666667,5.064444444444445,8,BQ1
2017-06-06,0.9177777777777778,3.307777777777778,110.44444444444444,5.997777777777777,28,BQ1
2017-08-08,0.985,3.0375,120.75,5.382499999999999,6,BQ1
2017-10-10,1.254,2.566,68.8,4.734,8,BQ1
2017-12-12,1.2255555555555555,2.8266666666666667,164.625,5.2122222222222225,20,BQ1
2018-02-13,0.9400000000000001,2.5766666666666667,88,5.155555555555556,8,BQ1
2018-04-17,1.0077777777777779,2.8111111111111113,57,5.323333333333333,11.75,BQ1
2018-06-19,0.9933333333333333,3.04,81,5.904444444444445,10,BQ1
2018-08-21,1.064,2.906,72,5.37,6,BQ1
2018-10-23,0.96,2.802857142857143,82.16666666666667,5.345714285714286,7,BQ1
2018-12-25,0.90625,3.335,57.4,6.195,6,BQ1
2019-02-26,0.9144444444444444,3.341111111111111,92.5,6.39,12,BQ1
2019-04-30,0.8966666666666666,3.1688888888888886,63.714285714285715,5.982222222222222,NA,BQ1
2019-07-02,0.8655555555555555,2.958888888888889,78.5,5.556666666666667,7.333333333333333,BQ1
2019-09-03,0.9033333333333333,3.11,105.6,5.3533333333333335,5.6,BQ1
2019-11-05,0.9933333333333333,2.7622222222222224,114.625,5.04,8,BQ1
2020-01-07,0.8866666666666667,2.641111111111111,128,4.823333333333333,14,BQ1
2020-03-10,1.03,3.435,129,7.109999999999999,NA,BQ1
2020-05-12,0.92,1.82,67,3.57,18,BQ1
2020-07-14,0.9185714285714286,2.9485714285714284,108.57142857142857,5.925714285714286,8.75,BQ1
2020-09-15,0.95,2.785,136.75,4.965,9.166666666666666,BQ1
2020-11-17,1.0150000000000001,3.175,145.33333333333334,5.890000000000001,10.285714285714286,BQ1
1986-05-20,0.79,3.0033333333333334,208.66666666666666,4.9,NA,BQ2
1986-07-22,NA,NA,NA,NA,NA,BQ2
1986-09-23,0.716,2.43,206.6,4.946,22.6,BQ2
1986-11-25,0.6922222222222223,2.5211111111111113,268.1111111111111,4.742222222222222,17.25,BQ2
1987-01-27,0.76,2.658888888888889,219.625,4.924444444444444,14,BQ2
1987-03-31,0.9455555555555556,2.29,259.85714285714283,4.682222222222222,39,BQ2
1987-06-02,0.8188888888888889,2.49,232.77777777777777,4.915555555555556,70.66666666666667,BQ2
1987-08-04,0.8530769230769231,2.037692307692308,231.3846153846154,4.03,32.84615384615385,BQ2
1987-10-06,0.856,2.0949999999999998,191,4.21,12.1,BQ2
1987-12-08,0.8668421052631579,2.04,253.86666666666667,4.324736842105263,18.36842105263158,BQ2
1988-02-09,0.7775,2.34625,185,4.33875,18.857142857142858,BQ2
1988-04-12,0.807,2.187,216.7,3.868,57.55555555555556,BQ2
1988-06-14,0.7545454545454545,2.2381818181818183,NA,3.561818181818182,67.5,BQ2
1988-08-16,0.7761538461538462,2.0591666666666666,184.72727272727272,3.805,26.25,BQ2
1988-10-18,0.8475,2.38125,224.125,4.18625,61,BQ2
1988-12-20,0.9077777777777778,2.4833333333333334,219.11111111111111,4.488888888888889,NA,BQ2
1989-02-21,0.8377777777777777,2.7688888888888887,224.9,4.62,NA,BQ2
1989-04-25,0.9366666666666666,2.6755555555555555,174,4.58,NA,BQ2
1989-06-27,1.0044444444444445,2.3566666666666665,176,4.605555555555556,NA,BQ2
1989-08-29,1.1718181818181819,2.789,137.42857142857142,5.341,NA,BQ2
1989-10-31,1.339,3.138,424.3,6.071,NA,BQ2
1990-01-02,1.3822222222222222,3.12,194.75,6.677777777777778,NA,BQ2
1990-03-06,1.393076923076923,2.46,460.9090909090909,5.222307692307692,NA,BQ2
1990-05-08,1.262,3.079,301.5,6.397,NA,BQ2
1990-07-10,0.9955555555555555,3.2844444444444445,177.44444444444446,7.045555555555556,NA,BQ2
1990-09-11,0.8822222222222222,2.76,101,6.1322222222222225,NA,BQ2
1990-11-13,1.0463636363636364,2.9263636363636363,211.45454545454547,6.368181818181818,NA,BQ2
1991-01-15,0.8288888888888889,3.0255555555555556,124.71428571428571,6.865555555555556,NA,BQ2
1991-03-19,0.8922222222222222,2.92,77.44444444444443,5.662222222222222,NA,BQ2
1991-05-21,1.078,3.005,85.125,3.7439999999999998,NA,BQ2
1991-07-23,1.271,3.157,60.2,6.536,NA,BQ2
1991-09-24,1.2816666666666667,2.6133333333333333,170.83333333333331,4.645833333333333,NA,BQ2
1991-11-26,1.198888888888889,3.051111111111111,296.1111111111111,5.783333333333333,NA,BQ2
1992-01-28,1.284,2.969,191.11111111111111,6.08,NA,BQ2
1992-03-31,1.1555555555555557,2.8533333333333335,135.125,5.455555555555556,NA,BQ2
1992-06-02,1.26,2.9877777777777776,58,6.188888888888889,NA,BQ2
1992-08-04,1.2733333333333332,3.04,79.66666666666667,6.444444444444445,NA,BQ2
1992-10-06,1.1822222222222223,2.738888888888889,47.75,5.905555555555556,NA,BQ2
1992-12-08,1.2344444444444445,3.0322222222222224,172,6.345555555555555,NA,BQ2
1993-02-09,1.38,3.3477777777777775,145.5,6.855555555555555,NA,BQ2
1993-04-13,1.3155555555555556,2.8722222222222222,89.75,5.665555555555556,NA,BQ2
1993-06-15,1.49,3.163333333333333,95.4,7.022222222222222,NA,BQ2
1993-08-17,1.2966666666666666,2.8777777777777778,61.625,6.525555555555555,NA,BQ2
1993-10-19,1.3855555555555557,2.966666666666667,41.22222222222222,6.611111111111112,NA,BQ2
1993-12-21,1.3711111111111112,2.694444444444444,12.5,5.996666666666667,NA,BQ2
1994-02-22,1.3444444444444446,2.9522222222222223,37.5,6.587777777777778,NA,BQ2
1994-04-26,1.3925,3.24125,22.25,6.95875,NA,BQ2
1994-06-28,1.1633333333333333,2.4833333333333334,145.5,5.0649999999999995,NA,BQ2
1994-08-30,1.32,1.975,NA,4.325,NA,BQ2
1994-11-01,1.25375,2.48875,NA,5.3075,NA,BQ2
1995-01-03,1.15625,2.9475,NA,6.3,NA,BQ2
1995-03-07,1.1066666666666667,3.0083333333333333,NA,6.4383333333333335,NA,BQ2
1995-05-09,1.134,2.846,NA,6,NA,BQ2
1995-07-11,1.055,2.935,NA,6.38,NA,BQ2
1995-09-12,NA,NA,NA,NA,NA,BQ2
1995-11-14,1.4224999999999999,3.54,NA,7.6775,NA,BQ2
1996-01-16,1.26125,3.1825,NA,6.785,NA,BQ2
1996-03-19,1.123,2.888,NA,5.861,NA,BQ2
1996-05-21,1.3544444444444443,2.8966666666666665,NA,6.142222222222222,NA,BQ2
1996-07-23,1.22,3.118888888888889,321,6.585555555555556,NA,BQ2
1996-09-24,1.135,2.96125,262.8,6.28,NA,BQ2
1996-11-26,1.19625,2.99,314.25,7.0575,NA,BQ2
1997-01-28,1.0477777777777777,2.982222222222222,299.1111111111111,6.6177777777777775,NA,BQ2
1997-04-01,1.09125,2.80625,158.875,6.30125,NA,BQ2
1997-06-03,0.9755555555555555,2.7111111111111112,131.5,5.71,NA,BQ2
1997-08-05,0.9966666666666667,2.6822222222222223,104.88888888888889,5.9222222222222225,NA,BQ2
1997-10-07,0.89625,2.30375,137.375,4.65375,NA,BQ2
1997-12-09,0.8242857142857143,1.9633333333333334,123.85714285714286,4.704444444444444,22.8,BQ2
1998-02-10,1.3077777777777777,2.49,112,4.087777777777777,11.333333333333334,BQ2
1998-04-14,1.1011111111111112,2.4322222222222223,100.75,4.908888888888889,18.166666666666668,BQ2
1998-06-16,0.8557142857142858,2.5,107,5.384285714285714,8,BQ2
1998-08-18,1.1713333333333333,2.51,176.85714285714286,5.642666666666667,9.333333333333334,BQ2
1998-10-20,1.2144444444444444,2.577777777777778,352.55555555555554,6.316666666666666,NA,BQ2
1998-12-22,1.0977777777777777,3.192222222222222,341,6.183333333333334,25.6,BQ2
1999-02-23,1.1655555555555557,3.2044444444444444,279.3333333333333,6.612222222222222,5.5,BQ2
1999-04-27,1.2077777777777778,2.901111111111111,200.33333333333334,6.057777777777778,6,BQ2
1999-06-29,1.0222222222222221,2.3844444444444446,136.66666666666666,4.648888888888889,8,BQ2
1999-08-31,0.9766666666666667,2.5011111111111113,209,5.2588888888888885,11,BQ2
1999-11-02,0.8875,2.8066666666666666,269.6,5.097777777777778,NA,BQ2
2000-01-04,0.8355555555555556,2.8233333333333333,216.55555555555554,5.558888888888889,11.25,BQ2
2000-03-07,1,3.32,225.8,6.494,9,BQ2
2000-05-09,0.89,2.006666666666667,75.66666666666667,4.39,6,BQ2
2000-07-11,0.9375,2.5149999999999997,126,5.7125,12.5,BQ2
2000-09-12,0.9066666666666667,2.422222222222222,130.11111111111111,4.94,20,BQ2
2000-11-14,0.9866666666666667,2.8033333333333332,170,5.474444444444444,13.75,BQ2
2001-01-16,0.95,3.146,195.2,6.418,8.25,BQ2
2001-03-20,0.9750000000000001,2.0324999999999998,66.25,4.55,10,BQ2
2001-05-22,1.08,2.855,114.375,5.605,7.75,BQ2
2001-07-24,1.0271428571428571,2.8328571428571427,107.71428571428571,6.121428571428572,5,BQ2
2001-09-25,1.08625,2.66875,154,5.4275,13.5,BQ2
2001-11-27,0.9966666666666667,2.8133333333333335,220.22222222222223,5.191111111111111,9.333333333333334,BQ2
2002-01-29,0.9855555555555555,3.1066666666666665,198.11111111111111,5.951111111111111,7.8,BQ2
2002-04-02,1.047777777777778,2.5188888888888887,122,5.0311111111111115,7.428571428571429,BQ2
2002-06-04,0.9555555555555556,2.922222222222222,138.33333333333334,5.696666666666666,8.333333333333334,BQ2
2002-08-06,0.994,2.622,125.4,5.868,12.5,BQ2
2002-10-08,0.91,2.6222222222222222,119.44444444444444,5.771111111111111,11,BQ2
2002-12-10,0.8911111111111111,2.5733333333333333,152.66666666666666,5.497777777777777,10.88888888888889,BQ2
2003-02-11,0.9666666666666667,3.0477777777777777,139.88888888888889,6.912222222222223,10.5,BQ2
2003-04-15,1.16,2.42,173.77777777777777,4.561111111111111,10,BQ2
2003-06-17,1.1133333333333333,2.723333333333333,169,4.756666666666667,7.857142857142857,BQ2
2003-08-19,1.021111111111111,2.2755555555555556,158,4.864444444444445,16.666666666666668,BQ2
2003-10-21,1.0466666666666666,2.53,183.33333333333334,5.4366666666666665,9.25,BQ2
2003-12-23,0.9655555555555556,2.5166666666666666,160.33333333333334,5.512222222222222,11,BQ2
2004-02-24,1.0577777777777777,2.6055555555555556,154.55555555555554,5.412222222222222,12.8,BQ2
2004-04-27,1.018888888888889,2.3266666666666667,173.33333333333334,4.624444444444444,15,BQ2
2004-06-29,1.3466666666666667,3.3955555555555557,99.88888888888889,6.806666666666667,11.5,BQ2
2004-08-31,1.03,2.598888888888889,149.42857142857142,5.476666666666667,9.5,BQ2
2004-11-02,0.9266666666666666,2.4444444444444446,113.44444444444444,5.376666666666667,12,BQ2
2005-01-04,0.7811111111111111,2.8622222222222224,152,5.996666666666667,6,BQ2
2005-03-08,0.8688888888888889,2.891111111111111,145.11111111111111,6.101111111111111,9.333333333333334,BQ2
2005-05-10,0.9288888888888889,2.551111111111111,110.25,5.467777777777778,15,BQ2
2005-07-12,0.75,2.608888888888889,101.5,5.82,8,BQ2
2005-09-13,0.8177777777777778,2.517777777777778,126.33333333333333,5.4688888888888885,12,BQ2
2005-11-15,0.7533333333333333,2.796666666666667,136.77777777777777,6.133333333333333,8,BQ2
2006-01-17,0.7966666666666666,2.678888888888889,123.77777777777777,5.5,9,BQ2
2006-03-21,0.8377777777777778,2.7888888888888888,106.55555555555556,6.1433333333333335,NA,BQ2
2006-05-23,0.875,2.6133333333333333,145.11111111111111,5.594444444444444,NA,BQ2
2006-07-25,0.8577777777777778,2.922222222222222,139.83333333333334,6.7700000000000005,6.5,BQ2
2006-09-26,0.8788888888888889,2.5322222222222224,100.22222222222223,6,25.5,BQ2
2006-11-28,0.8666666666666667,2.8344444444444443,130.55555555555554,6.492222222222222,8.5,BQ2
2007-01-30,0.8911111111111111,3.1355555555555554,130,6.456666666666667,11.666666666666666,BQ2
2007-04-03,0.8477777777777777,2.647777777777778,99.71428571428572,5.061111111111111,5.75,BQ2
2007-06-05,0.89,2.908888888888889,118.22222222222223,6.087777777777778,6,BQ2
2007-08-07,0.8411111111111111,2.756666666666667,92.77777777777777,5.9511111111111115,12.333333333333334,BQ2
2007-10-09,0.8077777777777778,2.641111111111111,154.66666666666666,5.7588888888888885,6.2,BQ2
2007-12-11,0.8875,2.995,118.5,6.555,7,BQ2
2008-02-12,0.8666666666666667,3.148888888888889,108.11111111111111,6.342222222222222,9.166666666666666,BQ2
2008-04-15,0.9177777777777778,2.9444444444444446,92.55555555555556,6.631111111111111,NA,BQ2
2008-06-17,0.8975,3.2975000000000003,119.25,6.7,12.5,BQ2
2008-08-19,0.8377777777777777,2.898888888888889,111.88888888888889,5.502222222222223,13,BQ2
2008-10-21,0.7355555555555555,3.37,128.22222222222223,6.203333333333333,8,BQ2
2008-12-23,0.8355555555555555,3.1566666666666667,121,7.202222222222223,9.75,BQ2
2009-02-24,0.9222222222222222,3.3066666666666666,134.66666666666666,7.966666666666667,13,BQ2
2009-04-28,0.9711111111111111,2.8022222222222224,100.66666666666667,6.076666666666667,9,BQ2
2009-06-30,0.9544444444444444,2.993333333333333,108.22222222222223,6.183333333333334,13.333333333333334,BQ2
2009-09-01,0.9355555555555556,2.8533333333333335,86,6.763333333333334,7,BQ2
2009-11-03,0.9355555555555556,2.8655555555555554,106.75,6.624444444444444,9,BQ2
2010-01-05,0.8266666666666667,2.9122222222222223,118.33333333333333,6.915555555555556,21,BQ2
2010-03-09,0.7422222222222222,2.8966666666666665,95.66666666666667,6.372222222222222,18.25,BQ2
2010-05-11,0.8088888888888889,2.668888888888889,110.33333333333333,5.928888888888889,6.333333333333333,BQ2
2010-07-13,0.84625,2.53375,114,5.72875,12.4,BQ2
2010-09-14,1.1275,2.70125,169.11111111111111,6.0625,7.75,BQ2
2010-11-16,1.1300000000000001,2.9144444444444444,107.125,6.386666666666667,10.666666666666666,BQ2
2011-01-18,0.7266666666666667,2.98,114,7.401111111111111,19,BQ2
2011-03-22,0.7224999999999999,2.13,85,5.3475,NA,BQ2
2011-05-24,0.8233333333333334,2.5166666666666666,89.125,7.257777777777778,NA,BQ2
2011-07-26,0.77875,2.32625,75.5,5.8825,12,BQ2
2011-09-27,0.8266666666666667,2.9133333333333336,118.33333333333333,7.573333333333333,9.333333333333334,BQ2
2011-11-29,0.7944444444444444,2.838888888888889,134.88888888888889,7.59,25.333333333333332,BQ2
2012-01-31,0.8322222222222222,2.973333333333333,88.42857142857143,7.822222222222222,NA,BQ2
2012-04-03,0.8133333333333334,2.8111111111111113,66.5,7.281111111111111,NA,BQ2
2012-06-05,0.7644444444444445,2.7177777777777776,117.42857142857143,6.448888888888889,14.5,BQ2
2012-08-07,0.7911111111111111,2.778888888888889,112.75,6.511111111111111,9,BQ2
2012-10-09,0.86,2.401111111111111,81,5.383333333333334,7,BQ2
2012-12-11,0.86,2.9033333333333333,135.16666666666666,6.777777777777778,17,BQ2
2013-02-12,0.8833333333333333,2.6266666666666665,84.5,5.105555555555555,24,BQ2
2013-04-16,0.8366666666666667,2.6144444444444446,59.83333333333333,5.738888888888889,14,BQ2
2013-06-18,0.65875,2.8175,66.75,6.85,5.5,BQ2
2013-08-20,0.6585714285714286,2.7314285714285713,61.33333333333333,7.2785714285714285,8.5,BQ2
2013-10-22,0.8744444444444445,2.57,113.125,5.98,11.25,BQ2
2013-12-24,0.8888888888888888,2.867777777777778,138.57142857142858,5.88,15.333333333333332,BQ2
2014-02-25,0.9355555555555556,3.5077777777777777,128.5,7.032222222222222,6.666666666666667,BQ2
2014-04-29,1.10875,3.065,115.5,6.20875,9,BQ2
2014-07-01,0.9833333333333334,3.1,106,6.622222222222222,10.5,BQ2
2014-09-02,0.9788888888888889,3.0933333333333333,129.66666666666666,6.475555555555555,6.25,BQ2
2014-11-04,0.8089999999999999,2.809,73.16666666666667,6.01,6.5,BQ2
2015-01-06,0.9025,3.04375,108.5,6.66125,12,BQ2
2015-03-10,1.04,3.477777777777778,156,7.191111111111111,10.5,BQ2
2015-05-12,1.2349999999999999,4.26,172,8.86,NA,BQ2
2015-07-14,NA,NA,NA,NA,NA,BQ2
2015-09-15,0.845,1.855,200,4.205,11.5,BQ2
2015-11-17,0.8333333333333334,2.272222222222222,141.14285714285714,5.252222222222223,6.25,BQ2
2016-01-19,0.8266666666666667,2.2583333333333333,147.75,5.245,7,BQ2
2016-03-22,0.9522222222222222,2.7855555555555553,112.83333333333333,6.7877777777777775,12.5,BQ2
2016-05-24,0.9011111111111111,2.8244444444444445,135.75,6.948888888888889,12.25,BQ2
2016-07-26,0.9655555555555556,2.5644444444444443,109.125,6.155555555555556,6,BQ2
2016-09-27,0.9588888888888889,2.8633333333333333,149,6.616666666666666,NA,BQ2
2016-11-29,0.9155555555555556,2.5566666666666666,138.77777777777777,6.168888888888889,8,BQ2
2017-01-31,1.0344444444444445,2.828888888888889,137.55555555555554,6.2,14,BQ2
2017-04-04,0.9877777777777778,2.4877777777777776,126.57142857142857,5.764444444444445,12,BQ2
2017-06-06,0.9666666666666667,2.7022222222222223,114.33333333333333,6.2811111111111115,8,BQ2
2017-08-08,1.1025,2.8575,142.25,6.297499999999999,NA,BQ2
2017-10-10,1.39,2.7616666666666667,269.5,5.16,NA,BQ2
2017-12-12,1.3,2.84125,205.85714285714286,6.175,7,BQ2
2018-02-13,1.1144444444444443,2.7955555555555556,141.28571428571428,6.148888888888889,NA,BQ2
2018-04-17,1.0922222222222222,2.771111111111111,76.75,6.192222222222222,9.666666666666666,BQ2
2018-06-19,1.03375,2.8875,70.25,6.3675,11.8,BQ2
2018-08-21,1.0433333333333334,2.675,84.5,5.925,7,BQ2
2018-10-23,0.9871428571428571,2.82,142.42857142857142,6.247142857142857,7.5,BQ2
2018-12-25,1.0571428571428572,3.032857142857143,85.2,6.6814285714285715,10,BQ2
2019-02-26,1.1377777777777778,3.046666666666667,164.14285714285714,6.747777777777777,6.5,BQ2
2019-04-30,1.12,2.832222222222222,109,6.37,NA,BQ2
2019-07-02,1.1077777777777778,2.6888888888888887,104.28571428571429,5.8133333333333335,8,BQ2
2019-09-03,1.0222222222222221,2.758888888888889,193.5,5.46,NA,BQ2
2019-11-05,1.2155555555555555,2.75,239.625,5.626666666666667,7.6,BQ2
2020-01-07,1.1144444444444443,2.6944444444444446,276.1111111111111,5.387777777777778,9.666666666666666,BQ2
2020-03-10,1.22,3.205,251.5,7.965,7,BQ2
2020-05-12,1.35,1.85,133,4.19,29,BQ2
2020-07-14,1.1028571428571428,2.6357142857142857,144.14285714285714,5.627142857142857,8.4,BQ2
2020-09-15,1.125,2.91875,221,5.40875,8.5,BQ2
2020-11-17,1.0971428571428572,3.0957142857142856,256.14285714285717,6.815714285714286,10,BQ2
1986-05-20,0.7033333333333333,3.4333333333333336,119.66666666666667,3.9533333333333336,NA,BQ3
1986-07-22,NA,NA,NA,NA,NA,BQ3
1986-09-23,0.566,2.606,161.5,3.606,24.6,BQ3
1986-11-25,0.56,2.738888888888889,197.88888888888889,3.462222222222222,17,BQ3
1987-01-27,0.6222222222222222,3.0477777777777777,193.77777777777777,3.7266666666666666,14.571428571428571,BQ3
1987-03-31,0.6922222222222222,2.4544444444444444,182.11111111111111,3.428888888888889,46,BQ3
1987-06-02,0.6666666666666666,2.4044444444444446,175.22222222222223,3.621111111111111,80.88888888888889,BQ3
1987-08-04,0.7055555555555555,2.948888888888889,240.375,3.9033333333333333,19.75,BQ3
1987-10-06,0.577,2.106,209.7,3.079,11.714285714285714,BQ3
1987-12-08,0.7106666666666667,2.306,162.5,3.248,30.823529411764703,BQ3
1988-02-09,0.5833333333333334,2.7488888888888887,194.77777777777777,3.462222222222222,22.444444444444443,BQ3
1988-04-12,0.658,2.3890000000000002,198.6,2.8810000000000002,46.2,BQ3
1988-06-14,0.677,2.584,NA,2.896,28,BQ3
1988-08-16,0.5984615384615385,2.1923076923076925,140.85714285714286,2.786153846153846,42.2,BQ3
1988-10-18,0.7075,2.6574999999999998,184,3.7885714285714287,57,BQ3
1988-12-20,0.7922222222222223,2.761111111111111,188.88888888888889,3.87,NA,BQ3
1989-02-21,0.6988888888888889,2.716666666666667,158.22222222222223,3.668888888888889,NA,BQ3
1989-04-25,0.7544444444444445,2.9,145.22222222222223,4.1755555555555555,NA,BQ3
1989-06-27,0.8044444444444444,2.626666666666667,111.22222222222223,3.4266666666666667,NA,BQ3
1989-08-29,1.031,2.676,176.5,3.638,NA,BQ3
1989-10-31,1.489,3.586,424.5,4.354,NA,BQ3
1990-01-02,1.4577777777777778,3.61,262.375,5.15,NA,BQ3
1990-03-06,1.406153846153846,2.644615384615385,380.25,3.683076923076923,NA,BQ3
1990-05-08,1.304,3.278,308,4.443,NA,BQ3
1990-07-10,1.0666666666666667,3.4144444444444444,187.375,5.423333333333333,NA,BQ3
1990-09-11,0.9577777777777777,3.2544444444444447,114.55555555555556,5.295555555555556,NA,BQ3
1990-11-13,0.9927272727272728,2.8363636363636364,197.5,4.458181818181818,NA,BQ3
1991-01-15,0.7888888888888889,3.8155555555555556,154.28571428571428,4.995555555555556,NA,BQ3
1991-03-19,0.8233333333333334,3.187777777777778,82.125,4.322222222222222,NA,BQ3
1991-05-21,0.929,3.391,87.25,4.38,NA,BQ3
1991-07-23,0.98,3.269,107.1,4.54,NA,BQ3
1991-09-24,0.8916666666666667,3.0091666666666668,147.91666666666666,4.235833333333333,NA,BQ3
1991-11-26,0.9144444444444445,3.0955555555555554,216.77777777777777,4.552222222222222,NA,BQ3
1992-01-28,1.159,3.3930000000000002,167.11111111111111,5.371,NA,BQ3
1992-03-31,0.9644444444444444,3.088888888888889,80,5.408888888888889,NA,BQ3
1992-06-02,0.9077777777777778,2.8355555555555556,74.11111111111111,4.177777777777778,NA,BQ3
1992-08-04,1.1233333333333333,2.918888888888889,49.66666666666667,4.372222222222223,NA,BQ3
1992-10-06,0.9655555555555556,3.2311111111111113,51.111111111111114,4.5488888888888885,NA,BQ3
1992-12-08,0.9722222222222222,3.358888888888889,22,4.488888888888889,NA,BQ3
1993-02-09,0.8233333333333334,3.256666666666667,129.5,4.522222222222222,NA,BQ3
1993-04-13,0.8624999999999999,3.265,119.75,3.9675,NA,BQ3
1993-06-15,0.8088888888888889,2.891111111111111,65.4,4.6066666666666665,NA,BQ3
1993-08-17,0.8633333333333334,3.39625,94.75,4.736666666666666,NA,BQ3
1993-10-19,0.8366666666666667,3.013333333333333,22.25,4.5344444444444445,NA,BQ3
1993-12-21,0.8077777777777778,2.6155555555555554,16,4.054444444444444,NA,BQ3
1994-02-22,0.9011111111111111,3.312222222222222,55.66666666666667,4.912222222222222,NA,BQ3
1994-04-26,0.8555555555555555,3.5833333333333335,17.11111111111111,5.291111111111111,NA,BQ3
1994-06-28,0.888,3.54,97.75,5,NA,BQ3
1994-08-30,0.8577777777777778,3.3277777777777775,NA,4.845555555555555,NA,BQ3
1994-11-01,0.8477777777777777,3.082222222222222,NA,4.412222222222222,NA,BQ3
1995-01-03,0.9033333333333333,3.5677777777777777,NA,4.972222222222222,NA,BQ3
1995-03-07,0.7542857142857143,3.3257142857142856,NA,4.804285714285714,NA,BQ3
1995-05-09,0.716,3.104,NA,4.46,NA,BQ3
1995-07-11,0.76,3.2,NA,4.8149999999999995,NA,BQ3
1995-09-12,NA,NA,NA,NA,NA,BQ3
1995-11-14,0.908,3.312,NA,4.896,NA,BQ3
1996-01-16,1.0255555555555556,3.9388888888888887,NA,5.585555555555556,NA,BQ3
1996-03-19,0.8525,3.3537500000000002,NA,4.78625,NA,BQ3
1996-05-21,0.9277777777777778,3.4277777777777776,NA,4.763333333333334,NA,BQ3
1996-07-23,0.9922222222222222,3.47,116,4.943333333333333,NA,BQ3
1996-09-24,0.9822222222222222,2.9744444444444444,230.33333333333334,4.321111111111111,NA,BQ3
1996-11-26,0.9257142857142857,3.255714285714286,209.85714285714286,5.094285714285714,NA,BQ3
1997-01-28,0.80375,3.198888888888889,222.125,4.756666666666667,NA,BQ3
1997-04-01,1.0355555555555556,3.267777777777778,189.28571428571428,5.162222222222222,NA,BQ3
1997-06-03,0.71,2.6222222222222222,161.66666666666666,4.065555555555555,NA,BQ3
1997-08-05,1.0611111111111111,3.158888888888889,149,4.761111111111111,NA,BQ3
1997-10-07,0.8775,1.9566666666666666,94.85714285714286,2.84875,9,BQ3
1997-12-09,0.5700000000000001,1.97,137.16666666666666,3.341666666666667,25,BQ3
1998-02-10,0.92125,2.9055555555555554,105.33333333333333,4.174444444444444,6.5,BQ3
1998-04-14,0.8722222222222222,2.1555555555555554,68.5,3.2744444444444447,14.666666666666668,BQ3
1998-06-16,0.8628571428571429,2.557142857142857,117.33333333333333,3.8342857142857145,19.75,BQ3
1998-08-18,0.8415384615384616,2.2984615384615386,160.08333333333331,3.861666666666667,7,BQ3
1998-10-20,1.2477777777777777,2.658888888888889,465,4.277777777777778,6.666666666666667,BQ3
1998-12-22,1.0622222222222222,2.8877777777777776,389.55555555555554,4.298888888888889,18.25,BQ3
1999-02-23,0.9244444444444444,3.367777777777778,237.77777777777777,5.156666666666666,7.5,BQ3
1999-04-27,0.9744444444444444,3.2688888888888887,155,5.011111111111111,NA,BQ3
1999-06-29,0.8866666666666667,2.736666666666667,158.88888888888889,3.7422222222222223,7.4,BQ3
1999-08-31,0.7633333333333333,2.66,169.88888888888889,3.9755555555555553,7.5,BQ3
1999-11-02,0.7933333333333333,2.9255555555555555,228.88888888888889,4.06,5,BQ3
2000-01-04,0.8633333333333333,3.1444444444444444,182,4.415555555555556,9,BQ3
2000-03-07,0.7233333333333334,3.522222222222222,127.625,5.26,NA,BQ3
2000-05-09,0.6711111111111111,3.0433333333333334,106.55555555555556,4.467777777777778,7,BQ3
2000-07-11,0.68,3.121111111111111,102.88888888888889,4.8566666666666665,23,BQ3
2000-09-12,0.7177777777777777,2.6844444444444444,132.22222222222223,3.9955555555555557,10,BQ3
2000-11-14,0.7144444444444444,3.062222222222222,167.5,4.666666666666667,NA,BQ3
2001-01-16,0.7111111111111111,3.2888888888888888,129.88888888888889,4.881111111111111,10,BQ3
2001-03-20,0.7244444444444444,2.971111111111111,84.88888888888889,4.566666666666666,6,BQ3
2001-05-22,0.77,3.2422222222222223,100.11111111111111,4.942222222222222,37.5,BQ3
2001-07-24,0.74625,3.1575,86,4.89125,NA,BQ3
2001-09-25,0.7822222222222223,2.971111111111111,132.77777777777777,4.648888888888889,15,BQ3
2001-11-27,0.6911111111111111,2.7333333333333334,160,4.067777777777778,8,BQ3
2002-01-29,0.7533333333333333,3.1744444444444446,154.33333333333334,5.0377777777777775,6,BQ3
2002-04-02,0.7466666666666667,2.6444444444444444,96.25,3.951111111111111,6,BQ3
2002-06-04,0.6844444444444444,3.1777777777777776,110.11111111111111,4.692222222222222,7.166666666666667,BQ3
2002-08-06,0.64,3.147777777777778,113.88888888888889,4.6722222222222225,7.5,BQ3
2002-10-08,0.6233333333333333,2.89,108.44444444444444,4.424444444444444,5.75,BQ3
2002-12-10,0.7366666666666667,2.74,130.66666666666666,4.552222222222222,15,BQ3
2003-02-11,0.6544444444444445,3.418888888888889,97.88888888888889,5.405555555555556,6,BQ3
2003-04-15,0.7055555555555556,2.5155555555555558,114.22222222222223,3.721111111111111,7.2,BQ3
2003-06-17,0.7644444444444445,3.0255555555555556,124.44444444444444,4.363333333333333,6.75,BQ3
2003-08-19,0.6711111111111111,2.4033333333333333,123.77777777777777,3.85,9.571428571428571,BQ3
2003-10-21,0.7444444444444445,2.5344444444444445,140.22222222222223,4.033333333333333,9,BQ3
2003-12-23,0.7455555555555555,2.8166666666666664,129.375,4.201111111111111,7.666666666666667,BQ3
2004-02-24,0.7511111111111111,2.712222222222222,102.88888888888889,4.434444444444445,7.5,BQ3
2004-04-27,0.8877777777777778,2.6055555555555556,104.22222222222223,4.045555555555556,7.333333333333333,BQ3
2004-06-29,0.9566666666666667,3.5033333333333334,117.42857142857143,5.213333333333333,16,BQ3
2004-08-31,0.7744444444444445,2.741111111111111,118.57142857142857,4.907777777777778,16,BQ3
2004-11-02,0.8544444444444445,2.6233333333333335,109.375,4.602222222222222,23,BQ3
2005-01-04,0.6077777777777778,2.991111111111111,121.11111111111111,4.702222222222222,NA,BQ3
2005-03-08,0.6322222222222222,3.1755555555555555,87.77777777777777,4.99,11.666666666666666,BQ3
2005-05-10,0.7988888888888889,2.7733333333333334,86.625,4.325555555555556,10.333333333333334,BQ3
2005-07-12,0.6044444444444445,2.8822222222222225,88.375,4.573333333333333,8,BQ3
2005-09-13,0.63,2.5211111111111113,106,4.078888888888889,14,BQ3
2005-11-15,0.595,2.5355555555555553,116.875,4.40625,7,BQ3
2006-01-17,0.6666666666666666,2.867777777777778,118.77777777777777,4.7988888888888885,NA,BQ3
2006-03-21,0.6722222222222223,3.0233333333333334,69,4.851111111111111,NA,BQ3
2006-05-23,0.8099999999999999,2.8755555555555556,114.77777777777777,4.805555555555555,6,BQ3
2006-07-25,0.711111111111111,3.106666666666667,117.125,5.32,7,BQ3
2006-09-26,0.6811111111111111,2.68,90.5,4.45,8.25,BQ3
2006-11-28,0.7233333333333333,3.0544444444444445,104.55555555555556,5.042222222222223,5,BQ3
2007-01-30,0.71,3.5444444444444443,77,5.1866666666666665,6.333333333333333,BQ3
2007-04-03,0.6788888888888889,2.9277777777777776,63.857142857142854,4.4399999999999995,15.333333333333332,BQ3
2007-06-05,0.7077777777777777,3.3066666666666666,75.22222222222223,4.984444444444445,6,BQ3
2007-08-07,0.6933333333333334,3.152222222222222,84.22222222222223,5.1322222222222225,13.2,BQ3
2007-10-09,0.5977777777777777,2.882222222222222,128.88888888888889,4.481111111111111,11,BQ3
2007-12-11,0.6928571428571428,3.4614285714285713,103.14285714285714,5.5285714285714285,10.666666666666666,BQ3
2008-02-12,0.68,3.5411111111111113,70.44444444444444,5.33,9.2,BQ3
2008-04-15,0.7011111111111111,3.243333333333333,54.111111111111114,5.332222222222222,14,BQ3
2008-06-17,0.71125,3.7975,82.75,5.54875,6,BQ3
2008-08-19,0.7455555555555556,3.051111111111111,77.66666666666667,4.11,12.5,BQ3
2008-10-21,0.57,3.5633333333333335,99.55555555555556,4.641111111111111,15,BQ3
2008-12-23,0.6344444444444445,3.4522222222222223,82.5,5.401111111111111,13,BQ3
2009-02-24,0.6855555555555556,3.818888888888889,55.125,6.147777777777778,NA,BQ3
2009-04-28,0.77,3.048888888888889,68.55555555555556,4.647777777777778,NA,BQ3
2009-06-30,0.7244444444444444,3.1044444444444443,84.22222222222223,4.467777777777778,13.5,BQ3
2009-09-01,0.7277777777777777,3.0122222222222224,84.22222222222223,5.102222222222222,22.5,BQ3
2009-11-03,0.7266666666666667,2.9844444444444442,82.77777777777777,5.038888888888889,18,BQ3
2010-01-05,0.65,2.918888888888889,82,5.017777777777778,29,BQ3
2010-03-09,0.6577777777777778,2.78,79.77777777777777,4.912222222222222,13,BQ3
2010-05-11,0.6244444444444445,2.6666666666666665,67.66666666666667,4.122222222222222,16,BQ3
2010-07-13,0.69125,2.79625,113.875,4.87125,14,BQ3
2010-09-14,0.9188888888888889,2.8422222222222224,141.44444444444446,4.6466666666666665,NA,BQ3
2010-11-16,0.6922222222222222,3.06,84,4.747777777777777,18.5,BQ3
2011-01-18,0.6122222222222222,3.2866666666666666,66.5,5.538888888888889,13,BQ3
2011-03-22,0.5922222222222222,2.9844444444444442,48.666666666666664,4.995555555555556,11,BQ3
2011-05-24,0.6233333333333333,2.6155555555555554,58.55555555555556,4.961111111111111,NA,BQ3
2011-07-26,0.63625,2.35375,62,4.18375,5,BQ3
2011-09-27,0.6511111111111111,2.9344444444444444,104.85714285714286,5.392222222222222,7.333333333333333,BQ3
2011-11-29,0.6788888888888889,2.8577777777777778,119.55555555555556,5.613333333333333,8,BQ3
2012-01-31,0.6122222222222222,3.1666666666666665,54.666666666666664,5.683333333333334,39.5,BQ3
2012-04-03,0.6377777777777778,2.8022222222222224,30,5.013333333333334,6.333333333333333,BQ3
2012-06-05,0.585,2.97,55.625,4.87625,16,BQ3
2012-08-07,0.6033333333333333,2.9988888888888887,74.5,5.0777777777777775,NA,BQ3
2012-10-09,0.5833333333333334,2.5844444444444443,34,4.145555555555555,5,BQ3
2012-12-11,0.6622222222222223,3.0255555555555556,87.8,4.988888888888889,26,BQ3
2013-02-12,0.6377777777777778,2.9855555555555555,64.28571428571429,4.042222222222223,NA,BQ3
2013-04-16,0.5955555555555556,2.827777777777778,37,4.271111111111111,NA,BQ3
2013-06-18,0.4775,2.6725,34.5,4.7575,7,BQ3
2013-08-20,0.45571428571428574,2.7985714285714285,107.66666666666667,5.022857142857143,8,BQ3
2013-10-22,0.611111111111111,2.59,86.875,4.042222222222222,11,BQ3
2013-12-24,0.6955555555555556,2.96,104.71428571428571,4.532222222222222,11.5,BQ3
2014-02-25,0.705,3.68375,80.2,5.4087499999999995,6,BQ3
2014-04-29,0.6933333333333334,3.2844444444444445,45.166666666666664,4.8244444444444445,6,BQ3
2014-07-01,0.8111111111111111,3.526666666666667,100.33333333333333,5.551111111111111,7.6,BQ3
2014-09-02,0.6455555555555555,3.3022222222222224,88.875,4.688888888888889,7,BQ3
2014-11-04,0.6366666666666667,2.79,63.375,4.144444444444445,28,BQ3
2015-01-06,0.635,3.25,111,5.165,NA,BQ3
2015-03-10,0.7688888888888888,3.6666666666666665,78.2,5.377777777777778,6,BQ3
2015-05-12,0.7333333333333333,3.9644444444444447,86,6.355555555555555,5,BQ3
2015-07-14,0.7344444444444445,3.6166666666666667,119.85714285714286,5.545555555555556,25,BQ3
2015-09-15,0.6744444444444444,3.3633333333333333,68.16666666666667,5.156666666666666,7.6,BQ3
2015-11-17,0.7055555555555556,3.3266666666666667,109,5.345555555555555,7.666666666666667,BQ3
2016-01-19,0.7633333333333333,3.381111111111111,107.14285714285714,5.566666666666666,6,BQ3
2016-03-22,0.7322222222222222,3.328888888888889,73.66666666666667,5.604444444444445,11.5,BQ3
2016-05-24,0.69,3.098888888888889,81,5.075555555555556,7.5,BQ3
2016-07-26,0.7222222222222222,2.83,99.11111111111111,4.904444444444445,5,BQ3
2016-09-27,0.7022222222222222,3.022222222222222,117.44444444444444,4.953333333333333,NA,BQ3
2016-11-29,0.7166666666666667,2.7455555555555553,128.22222222222223,4.576666666666666,NA,BQ3
2017-01-31,0.7455555555555555,3.2544444444444443,131.33333333333334,4.886666666666667,NA,BQ3
2017-04-04,0.7266666666666667,2.667777777777778,68.6,4.097777777777778,8,BQ3
2017-06-06,0.6144444444444445,2.7622222222222224,81.5,4.5,9,BQ3
2017-08-08,0.73,2.945,113.25,4.6175,NA,BQ3
2017-10-10,1.45,2.992,447.6,4.554,6,BQ3
2017-12-12,1.2744444444444445,3.057777777777778,397.4,4.857777777777778,6,BQ3
2018-02-13,1.1122222222222222,3.0533333333333332,270.6666666666667,5.157777777777778,8,BQ3
2018-04-17,1.1011111111111112,3,180,4.814444444444445,8.333333333333334,BQ3
2018-06-19,1.0033333333333334,3.1666666666666665,183,5.198888888888889,7,BQ3
2018-08-21,0.9916666666666667,3.0566666666666666,161.6,4.871666666666667,NA,BQ3
2018-10-23,0.9183333333333333,2.9883333333333333,202,4.86,18,BQ3
2018-12-25,0.85,3.425,101.6,5.35625,7,BQ3
2019-02-26,0.8744444444444445,3.4033333333333333,151.85714285714286,5.487777777777778,9,BQ3
2019-04-30,0.7577777777777778,3.281111111111111,123.57142857142857,4.99,6,BQ3
2019-07-02,0.7611111111111112,2.988888888888889,96.28571428571429,4.518888888888889,7,BQ3
2019-09-03,0.6633333333333333,3.022222222222222,148.83333333333334,4.435555555555555,8.4,BQ3
2019-11-05,0.7777777777777778,2.7911111111111113,199.125,4.288888888888889,NA,BQ3
2020-01-07,0.7044444444444444,2.551111111111111,201.66666666666666,4.081111111111111,8,BQ3
2020-03-10,0.76,3.3,172,5.6850000000000005,NA,BQ3
2020-05-12,0.76,1.86,121,3.03,19,BQ3
2020-07-14,0.7085714285714285,2.7385714285714284,122.14285714285714,4.621428571428572,9.25,BQ3
2020-09-15,0.70375,2.8375,175.875,4.4775,9.333333333333334,BQ3
2020-11-17,0.7128571428571429,3.2085714285714286,204,5.1899999999999995,9,BQ3
1989-05-16,0.6855555555555556,1.96,59.625,6.483333333333333,NA,PRM
1989-07-18,0.6614285714285714,1.5783333333333334,73.71428571428571,6.252857142857143,NA,PRM
1989-09-19,1.21,2.194,273.8,6.906,NA,PRM
1989-11-21,0.8825000000000001,2.572857142857143,112.71428571428571,9.21857142857143,NA,PRM
1990-01-23,1.0688888888888888,2.106666666666667,209.22222222222223,8.71,NA,PRM
1990-03-27,1.0077777777777777,2.152222222222222,143.33333333333334,9.083333333333334,NA,PRM
1990-05-29,0.9544444444444444,2.002222222222222,187,8.342222222222222,NA,PRM
1990-07-31,0.8522222222222222,2.1422222222222222,131.88888888888889,9.635555555555555,NA,PRM
1990-10-02,0.77,1.9877777777777779,126.125,7.89,NA,PRM
1990-12-04,0.6533333333333333,2.1144444444444446,136.75,6.934444444444445,NA,PRM
1991-02-05,0.8922222222222222,1.9511111111111112,121.625,7.41875,NA,PRM
1991-04-09,0.77,0.9285714285714285,50.25,4.635,NA,PRM
1991-06-11,0.7728571428571429,1.61625,58.33333333333333,5.595714285714285,NA,PRM
1991-08-13,0.8411111111111111,2.61,80.42857142857143,9.283333333333333,NA,PRM
1991-10-15,0.72125,1.975,118.88888888888889,6.5337499999999995,NA,PRM
1991-12-17,0.7444444444444445,1.9277777777777778,128.11111111111111,8.153333333333332,NA,PRM
1992-02-18,0.9533333333333334,2.8133333333333335,108.375,9.7325,NA,PRM
1992-04-21,0.8288888888888889,1.8177777777777777,54.375,7.38,NA,PRM
1992-06-23,0.7744444444444444,2.088888888888889,38.111111111111114,8.1466666666666665,NA,PRM
1992-08-25,0.8466666666666667,2.39,52.55555555555556,9.634444444444444,NA,PRM
1992-10-27,0.70625,1.77125,33.57142857142857,7.395,NA,PRM
1992-12-29,0.7255555555555555,1.9188888888888889,NA,7.552222222222222,NA,PRM
1993-03-02,0.8055555555555556,2.371111111111111,81.33333333333333,9.314444444444444,NA,PRM
1993-05-04,0.8555555555555555,1.9933333333333334,42,7.9944444444444445,NA,PRM
1993-07-06,0.7675,2.01,63,8.5875,NA,PRM
1993-09-07,0.7211111111111111,1.9766666666666666,49.111111111111114,8.001111111111111,NA,PRM
1993-11-09,0.6577777777777778,1.6811111111111112,28.833333333333332,7.39625,NA,PRM
1994-01-11,0.5700000000000001,1.6344444444444444,6.333333333333333,6.863333333333333,NA,PRM
1994-03-15,0.7277777777777777,2.2044444444444444,18.5,9.652222222222223,NA,PRM
1994-05-17,0.8633333333333333,2.3433333333333333,19.625,8.848888888888888,NA,PRM
1994-07-19,0.8666666666666667,2.5,119,9.666666666666666,NA,PRM
1994-09-20,0.7844444444444444,1.8944444444444444,NA,8.686666666666667,NA,PRM
1994-11-22,0.6855555555555556,2.1277777777777778,43,8.345555555555556,NA,PRM
1995-01-24,0.6900000000000001,2.0966666666666667,NA,8.94111111111111,NA,PRM
1995-03-28,0.7733333333333333,2.2916666666666665,NA,9.715,NA,PRM
1995-05-30,0.666,2.232,NA,9.906,NA,PRM
1995-08-01,NA,NA,NA,NA,NA,PRM
1995-10-03,NA,NA,NA,NA,NA,PRM
1995-12-05,0.7316666666666667,1.9316666666666666,NA,7.956666666666667,NA,PRM
1996-02-06,0.8111111111111111,2.5555555555555554,NA,9.486666666666666,NA,PRM
1996-04-09,0.78625,2.0275,NA,7.9975000000000005,NA,PRM
1996-06-11,0.7614285714285715,2.1914285714285713,79,8.432857142857143,NA,PRM
1996-08-13,0.7424999999999999,2.20625,NA,8.11875,NA,PRM
1996-10-15,0.7222222222222222,1.8511111111111112,162.66666666666666,6.816666666666666,NA,PRM
1996-12-17,0.7428571428571429,1.7914285714285714,115.71428571428571,7.492857142857143,NA,PRM
1997-02-18,0.8444444444444444,2.2244444444444444,98.625,9.216666666666667,NA,PRM
1997-04-22,0.8914285714285715,1.7614285714285713,132.42857142857142,8.031428571428572,NA,PRM
1997-06-24,0.7155555555555555,2.1544444444444446,88,7.912222222222223,NA,PRM
1997-08-26,0.62,1.758888888888889,57.75,6.937777777777778,6.5,PRM
1997-10-28,0.785,2.051,57.142857142857146,6.845,25.75,PRM
1997-12-30,0.66875,1.795,62.142857142857146,6.12125,30.571428571428573,PRM
1998-03-03,0.82125,1.84,35.285714285714285,5.872222222222222,9,PRM
1998-05-05,0.7877777777777778,1.557777777777778,74.375,5.374444444444444,14,PRM
1998-07-07,0.73,2.231818181818182,75.72727272727272,6.744545454545454,14.5,PRM
1998-09-08,1.1841666666666666,1.9341666666666666,162.83333333333331,8.21,12,PRM
1998-11-10,1.0875,2.04375,376.875,7.03875,7.25,PRM
1999-01-12,1.0622222222222222,3.5877777777777777,178,8.186666666666667,13.833333333333332,PRM
1999-03-16,1.0244444444444445,2.4811111111111113,131,7.528888888888889,11.857142857142858,PRM
1999-05-18,1.0355555555555556,2.03,111.14285714285714,7.023333333333333,7.5,PRM
1999-07-20,0.78625,1.8775,127.75,6.4675,7,PRM
1999-09-21,0.77,1.8322222222222222,166.11111111111111,6.333333333333333,7.166666666666667,PRM
1999-11-23,0.5955555555555555,1.7844444444444445,154.66666666666666,5.685555555555555,7.75,PRM
2000-01-25,0.587,2.013,84,6.248,9.2,PRM
2000-03-28,0.68,2.33,55.77777777777778,7.903333333333333,7.333333333333333,PRM
2000-05-30,0.667,1.968,66.8,6.364,8.571428571428571,PRM
2000-08-01,0.7366666666666667,1.8955555555555554,74.22222222222223,7.386666666666667,7.666666666666667,PRM
2000-10-03,0.7,1.8422222222222222,93.33333333333333,6.138888888888889,10,PRM
2000-12-05,0.72625,2.1350000000000002,105,7.0175,9.833333333333334,PRM
2001-02-06,0.7655555555555555,2.398888888888889,59.111111111111114,9.562222222222223,7.714285714285714,PRM
2001-04-10,0.7,1.8033333333333335,47.22222222222222,7.136666666666667,7,PRM
2001-06-12,0.763,2.084,52.1,8.342,7,PRM
2001-08-14,0.7677777777777778,1.9644444444444444,53.888888888888886,7.5344444444444445,7,PRM
2001-10-16,0.674,1.787,91,6.728,12.25,PRM
2001-12-18,0.7088888888888889,2.042222222222222,124.22222222222223,5.857777777777778,9,PRM
2002-02-19,0.7288888888888889,1.988888888888889,72.22222222222223,7.052222222222222,9.166666666666666,PRM
2002-04-23,0.6511111111111111,1.728888888888889,50.75,5.6066666666666665,7.428571428571429,PRM
2002-06-25,0.7255555555555555,2.207777777777778,63.55555555555556,7.983333333333333,10.444444444444445,PRM
2002-08-27,0.6444444444444444,1.8444444444444443,74.88888888888889,8.01,7.5,PRM
2002-10-29,0.6366666666666667,1.8722222222222222,84.66666666666667,7.651111111111111,9.428571428571429,PRM
2002-12-31,0.56875,1.61875,83.66666666666667,6.557142857142857,8.833333333333334,PRM
2003-03-04,0.6255555555555555,2.2266666666666666,54.22222222222222,9.301111111111112,8.2,PRM
2003-05-06,0.6844444444444444,1.9644444444444444,46.333333333333336,5.486666666666666,8,PRM
2003-07-08,0.7677777777777778,1.8955555555555557,72.55555555555556,6.126666666666667,13,PRM
2003-09-09,0.6811111111111111,1.9233333333333333,91.77777777777777,6.735555555555556,9,PRM
2003-11-11,0.5977777777777777,1.7722222222222221,98.11111111111111,6.125555555555556,8.5,PRM
2004-01-13,0.6988888888888889,2.0633333333333335,82.375,7.653333333333333,16.5,PRM
2004-03-16,0.6333333333333333,1.6133333333333333,38.5,5.472222222222222,6.5,PRM
2004-05-18,0.7922222222222223,1.8888888888888888,68.77777777777777,6.085555555555556,13,PRM
2004-07-20,0.7322222222222222,1.9011111111111112,59.75,6.583333333333333,10,PRM
2004-09-21,0.9111111111111111,1.9211111111111112,82.22222222222223,6.974444444444444,14.333333333333334,PRM
2004-11-23,0.6033333333333333,1.7044444444444444,82.25,6.586666666666667,5.5,PRM
2005-01-25,0.5766666666666667,2.022222222222222,68.33333333333333,7.4255555555555555,10,PRM
2005-03-29,0.6166666666666667,1.7266666666666666,72.33333333333333,6.555555555555555,28.6,PRM
2005-05-31,0.67,1.9744444444444444,55.111111111111114,7.654444444444445,9,PRM
2005-08-02,0.5877777777777777,1.73,57.75,7.432222222222222,12.666666666666666,PRM
2005-10-04,0.5644444444444444,1.6644444444444444,74.125,6.108888888888889,8,PRM
2005-12-06,0.5444444444444445,1.758888888888889,72.375,6.578888888888889,12.666666666666666,PRM
2006-02-07,0.5911111111111111,1.9677777777777776,68.11111111111111,6.706666666666667,9,PRM
2006-04-11,0.6377777777777778,2.0355555555555553,46.666666666666664,7.788888888888889,7,PRM
2006-06-13,0.6488888888888888,1.8811111111111112,69.25,7.373333333333333,8.75,PRM
2006-08-15,0.6366666666666666,1.761111111111111,53.714285714285715,7.702222222222222,15.5,PRM
2006-10-17,0.6355555555555555,1.768888888888889,69.33333333333333,7.816666666666666,7.75,PRM
2006-12-19,0.6666666666666666,2.0455555555555556,83.44444444444444,8.217777777777778,8,PRM
2007-02-20,0.7188888888888889,2.2911111111111113,58.777777777777786,7.958888888888889,7.888888888888889,PRM
2007-04-24,0.6555555555555556,1.988888888888889,51.375,7.127777777777778,9.4,PRM
2007-06-26,0.6722222222222223,1.8666666666666667,48.77777777777778,7.6466666666666665,9.285714285714286,PRM
2007-08-28,0.59,2.021111111111111,78.66666666666667,7.732222222222222,7,PRM
2007-10-30,0.52,1.5677777777777777,107.625,6.376666666666667,12.4,PRM
2008-01-01,0.63875,2.0025,63.42857142857143,8.29125,10,PRM
2008-03-04,0.6877777777777778,2.214444444444444,61.125,6.642222222222222,8.333333333333334,PRM
2008-05-06,0.64875,2.0425,38.875,9.055,6,PRM
2008-07-08,0.6288888888888889,2.132222222222222,61.111111111111114,7.717777777777778,13,PRM
2008-09-09,0.545,1.9689999999999999,74.5,6.907,13,PRM
2008-11-11,0.5414285714285715,1.78,69,6.83,18,PRM
2009-01-13,0.6188888888888889,2.31,57.5,10.45111111111111,18,PRM
2009-03-17,0.6711111111111111,1.9166666666666665,39.375,8.698888888888888,5,PRM
2009-05-19,0.6766666666666666,1.982222222222222,53.55555555555556,7.378888888888889,15,PRM
2009-07-21,0.7244444444444444,1.8955555555555554,65,8.265555555555554,8.2,PRM
2009-09-22,0.66,1.8444444444444443,66.66666666666667,7.808888888888889,11.6,PRM
2009-11-24,0.6755555555555556,2.051111111111111,72.77777777777777,8.633333333333333,12.833333333333334,PRM
2010-01-26,0.6388888888888888,2.03,72.33333333333333,8.936666666666667,12.833333333333334,PRM
2010-03-30,0.49222222222222223,1.8511111111111112,49.22222222222222,6.958888888888889,11.857142857142858,PRM
2010-06-01,0.5044444444444445,1.6533333333333333,49.55555555555556,6.084444444444444,9.5,PRM
2010-08-03,0.60375,1.6412499999999999,57.666666666666664,7.115,11.833333333333334,PRM
2010-10-05,0.5988888888888889,2.0366666666666666,86.66666666666667,7.846666666666667,22,PRM
2010-12-07,0.6333333333333333,2.1644444444444444,52.75,8.601111111111111,17.5,PRM
2011-02-08,0.55,1.9977777777777777,39.333333333333336,8.87,6.5,PRM
2011-04-12,0.5388888888888889,1.7722222222222221,32.857142857142854,8.213333333333333,21,PRM
2011-06-14,0.5222222222222223,1.521111111111111,49.857142857142854,8.157777777777778,13,PRM
2011-08-16,0.6075,1.70375,93,8.08875,8,PRM
2011-10-18,0.5655555555555556,1.6422222222222222,98,8.055555555555555,12,PRM
2011-12-20,0.61,2.174444444444444,62.375,9.276666666666667,11.666666666666666,PRM
2012-02-21,0.5566666666666666,1.8244444444444445,36,8.87111111111111,NA,PRM
2012-04-24,0.62,1.9344444444444444,49,8.777777777777777,17,PRM
2012-06-26,0.55375,1.68125,68,7.50875,11.25,PRM
2012-08-28,0.6244444444444445,1.9877777777777779,59.2,8.69,5,PRM
2012-10-30,0.5688888888888889,1.771111111111111,49.6,7.386666666666667,14.333333333333334,PRM
2013-01-01,0.6333333333333333,1.8388888888888888,73.25,8.022222222222222,6,PRM
2013-03-05,0.62,1.7655555555555555,54.57142857142857,6.576666666666666,10,PRM
2013-05-07,0.47,1.52,18.833333333333332,7.362222222222222,NA,PRM
2013-07-09,0.3688888888888889,1.42,86,7.421111111111111,12,PRM
2013-09-10,0.4742857142857143,1.7028571428571428,65.5,7.1571428571428575,10.25,PRM
2013-11-12,0.5355555555555556,1.6911111111111112,58.833333333333336,7.148888888888889,8,PRM
2014-01-14,0.6866666666666666,1.6955555555555555,80.55555555555556,7.248888888888889,9,PRM
2014-03-18,0.7055555555555555,2.1666666666666665,44.8,8.697777777777778,9.666666666666666,PRM
2014-05-20,0.7755555555555556,1.9566666666666666,49.5,8.258888888888889,24,PRM
2014-07-22,0.7075,1.8025,68.75,7.36875,8.25,PRM
2014-09-23,0.6488888888888888,1.711111111111111,84.14285714285714,7.641111111111111,10.666666666666666,PRM
2014-11-25,0.5877777777777777,1.8275000000000001,55.857142857142854,7.94,9,PRM
2015-01-27,0.6277777777777778,1.7766666666666666,80.25,8.002222222222223,8,PRM
2015-03-31,0.84875,2.32,52,10.27875,5,PRM
2015-06-02,0.83875,2.10875,86.4,10.8975,6,PRM
2015-08-04,0.7424999999999999,1.81,70.4,9.5025,8.5,PRM
2015-10-06,0.6266666666666667,1.5611111111111111,63.8,8.522222222222222,6,PRM
2015-12-08,0.65,1.9777777777777779,77.16666666666667,9.386666666666667,6,PRM
2016-02-09,0.7188888888888889,2.111111111111111,70.42857142857143,8.32,9,PRM
2016-04-12,0.5966666666666667,1.9244444444444444,40.5,9.0344444444444445,12.333333333333334,PRM
2016-06-14,0.6511111111111111,1.8711111111111112,44.5,7.84,6.4,PRM
2016-08-16,0.6266666666666667,1.9677777777777776,66.44444444444444,7.976666666666667,5.333333333333333,PRM
2016-10-18,0.59,1.8511111111111112,91.625,7.594444444444444,6,PRM
2016-12-20,0.6488888888888888,1.8722222222222222,78.625,7.644444444444444,NA,PRM
2017-02-21,0.6977777777777778,1.8433333333333333,71.55555555555556,8.04888888888889,15,PRM
2017-04-25,0.6911111111111111,1.8166666666666667,72.25,6.778888888888889,8,PRM
2017-06-27,0.6533333333333333,1.9177777777777778,61.857142857142854,7.211111111111111,6,PRM
2017-08-29,1.01,1.7366666666666668,238.5,8.629999999999999,NA,PRM
2017-10-31,1.3742857142857143,2.0814285714285714,359.57142857142856,6.198571428571428,NA,PRM
2018-01-02,1.1657142857142857,1.9114285714285715,356.2,7.4157142857142855,12,PRM
2018-03-06,0.93,1.94,99.71428571428572,6.7700000000000005,7,PRM
2018-05-08,0.9,1.89,125.14285714285714,7.434444444444445,17,PRM
2018-07-10,0.84,1.885,83.16666666666667,6.89875,11.666666666666666,PRM
2018-09-11,0.7883333333333333,1.8633333333333333,107.2,7.5633333333333335,6,PRM
2018-11-13,0.75,2.1950000000000003,148.25,8.459999999999999,12,PRM
2019-01-15,0.7666666666666666,2.227777777777778,78.5,8.28111111111111,5,PRM
2019-03-19,0.7633333333333333,2.1044444444444443,89,8.116666666666667,5,PRM
2019-05-21,0.7066666666666667,1.8699999999999999,73.28571428571429,7.677777777777778,12,PRM
2019-07-23,0.6888888888888889,1.81,70.6,6.496666666666667,9.333333333333334,PRM
2019-09-24,0.6222222222222222,1.8066666666666666,90.42857142857143,6.375555555555556,5,PRM
2019-11-26,0.63,1.7833333333333332,127.625,6.355555555555555,6.8,PRM
2020-01-28,0.63125,1.8275000000000001,112,7.1675,10,PRM
2020-03-31,NA,NA,NA,NA,NA,PRM
2020-06-02,0.61,1.525,54.5,5.965,7.333333333333333,PRM
2020-08-04,0.745,2.35,90,6.562,11.5,PRM
2020-10-06,0.6466666666666667,1.77,114.33333333333333,5.753333333333333,11.4,PRM
2020-12-08,0.6325,1.9175,113,6.875,11,PRM
